subject_id	predicate_id	object_id	mapping_justification	subject_label	object_label
xrm:0000100	skos:exactMatch	mop:0000673	semapv:ManualMappingCuration	hydroxylation	hydroxylation
xrm:0000101	skos:closeMatch	mop:0000673	semapv:ManualMappingCuration	aromatic hydroxylation	hydroxylation
xrm:0000110	skos:exactMatch	mop:0000671	semapv:ManualMappingCuration	epoxidation	epoxidation
xrm:0001000	skos:exactMatch	mop:0000156	semapv:ManualMappingCuration	glucuronidation	glucuronosylation
xrm:0000200	skos:closeMatch	mop:0000669	semapv:ManualMappingCuration	dealkylation	demethylation
xrm:0000205	skos:closeMatch	mop:0000669	semapv:ManualMappingCuration	N-demethylation	demethylation
xrm:0001040	skos:closeMatch	mop:0000060	semapv:ManualMappingCuration	methylation	methylation
xrm:7000001	skos:relatedMatch	mop:0000673	semapv:ManualMappingCuration	net oxidation	hydroxylation
xrm:7200002	skos:relatedMatch	mop:0000669	semapv:ManualMappingCuration	bond cleavage	demethylation
